"SV Tran POS Name","SV Tran DateTime","Retail Tran DateTime","Customer Name","SV Account Type Name","SV Tran Amount","Transaction Status","SV Tran Type","Offline Tran Flag"
"","{null}","{null}","{null}","{null}","211.57","{null}","{null}","{null}"


"SV Tran POS Name","SV Tran DateTime","Retail Tran DateTime","Customer Name","SV Account Type Name","SV Tran Amount","Transaction Status","SV Tran Type","Offline Tran Flag"
"Sushi Love 4","Thursday, June 13, 2019 10:52:44 PM","Thursday, June 13, 2019 10:52:43 PM","Vardhan, Sumer ","Food","$2.27","Successful","Sale","F"
"Sushi Love 4","Thursday, June 13, 2019 10:52:42 PM","Thursday, June 13, 2019 10:52:40 PM","Vardhan, Sumer ","Food","$22.75","Successful","Sale","F"
"Sushi Love 4","Thursday, June 13, 2019 10:21:22 PM","Thursday, June 13, 2019 10:21:20 PM","Singhania, Aadyaa ","Food","$2.62","Successful","Sale","F"
"Sushi Love 4","Thursday, June 13, 2019 10:21:19 PM","Thursday, June 13, 2019 10:21:17 PM","Singhania, Aadyaa ","Food","$17.50","Successful","Sale","F"
"Sushi Love 4","Thursday, June 13, 2019 10:20:53 PM","Thursday, June 13, 2019 10:20:51 PM","Curry, Alexander Q","Food","$3.18","Successful","Sale","F"
"Sushi Love 4","Thursday, June 13, 2019 10:20:49 PM","Thursday, June 13, 2019 10:20:47 PM","Curry, Alexander Q","Food","$21.25","Successful","Sale","F"
"Sushi Love 4","Thursday, June 13, 2019 10:20:18 PM","Thursday, June 13, 2019 10:20:17 PM","Park, Sung Ho ","Food","$5.67","Successful","Sale","F"
"Sushi Love 4","Thursday, June 13, 2019 10:20:16 PM","Thursday, June 13, 2019 10:20:14 PM","Park, Sung Ho ","Food","$56.75","Successful","Sale","F"
"Sushi Love 4","Thursday, June 13, 2019 10:19:40 PM","Thursday, June 13, 2019 10:19:39 PM","Cathey, Jackson M","Food","$3.11","Successful","Sale","F"
"Sushi Love 4","Thursday, June 13, 2019 10:19:38 PM","Thursday, June 13, 2019 10:19:36 PM","Cathey, Jackson M","Food","$20.75","Successful","Sale","F"
"Sushi Love 4","Thursday, June 13, 2019 10:19:02 PM","Thursday, June 13, 2019 10:19:00 PM","Cathey, Jackson M","Food","$20.25","Successful","Sale","F"
"Sushi Love 4","Thursday, June 13, 2019 9:40:14 PM","Thursday, June 13, 2019 9:40:13 PM","Godefa, Hannah ","Food","$3.22","Successful","Sale","F"
"Sushi Love 4","Thursday, June 13, 2019 9:40:11 PM","Thursday, June 13, 2019 9:40:08 PM","Godefa, Hannah ","Food","$32.25","Successful","Sale","F"


"SV Tran POS Name","SV Tran DateTime","Retail Tran DateTime","Customer Name","SV Account Type Name","SV Tran Amount","Transaction Status","SV Tran Type","Offline Tran Flag"
"{null}","{null}","{null}","{null}","{null}","211.57","{null}","{null}","{null}"


