"SV Tran POS Name","SV Tran DateTime","Retail Tran DateTime","Customer Name","SV Account Type Name","SV Tran Amount","Transaction Status","SV Tran Type","Offline Tran Flag"
"","{null}","{null}","{null}","{null}","84.73","{null}","{null}","{null}"


"SV Tran POS Name","SV Tran DateTime","Retail Tran DateTime","Customer Name","SV Account Type Name","SV Tran Amount","Transaction Status","SV Tran Type","Offline Tran Flag"
"Sushi Love 4","Friday, June 14, 2019 9:47:39 PM","Friday, June 14, 2019 9:47:38 PM","Burton, Autumn A","Flex","$18.25","Successful","Sale","F"
"Sushi Love 4","Friday, June 14, 2019 9:47:13 PM","{null}","Burton, Autumn A","{null}","{null}","Denied","{null}","{null}"
"Sushi Love 4","Friday, June 14, 2019 9:47:13 PM","{null}","Burton, Autumn A","{null}","{null}","Denied","{null}","{null}"
"Sushi Love 4","Friday, June 14, 2019 9:46:04 PM","Friday, June 14, 2019 9:46:03 PM","Saraiva, Laura F","Flex","$2.88","Successful","Sale","F"
"Sushi Love 4","Friday, June 14, 2019 9:45:59 PM","Friday, June 14, 2019 9:45:58 PM","Saraiva, Laura F","Flex","$19.25","Successful","Sale","F"
"Sushi Love 4","Friday, June 14, 2019 9:44:45 PM","Friday, June 14, 2019 9:44:45 PM","Ikejiaku, Amy ","Food","$1.18","Successful","Sale","F"
"Sushi Love 4","Friday, June 14, 2019 9:44:42 PM","Friday, June 14, 2019 9:44:42 PM","Ikejiaku, Amy ","Food","$23.75","Successful","Sale","F"
"Sushi Love 4","Friday, June 14, 2019 9:43:12 PM","{null}","Ikejiaku, Amy ","{null}","{null}","Denied","{null}","{null}"
"Sushi Love 4","Friday, June 14, 2019 9:42:43 PM","{null}","Ikejiaku, Amy ","{null}","{null}","Denied","{null}","{null}"
"Sushi Love 4","Friday, June 14, 2019 9:40:12 PM","Friday, June 14, 2019 9:40:11 PM","Sontan, Oluwadara ","Food","$0.92","Successful","Sale","F"
"Sushi Love 4","Friday, June 14, 2019 9:40:09 PM","Friday, June 14, 2019 9:40:07 PM","Sontan, Oluwadara ","Food","$18.50","Successful","Sale","F"


"SV Tran POS Name","SV Tran DateTime","Retail Tran DateTime","Customer Name","SV Account Type Name","SV Tran Amount","Transaction Status","SV Tran Type","Offline Tran Flag"
"{null}","{null}","{null}","{null}","{null}","84.73","{null}","{null}","{null}"


